{"HopCursedCaptain":false,"ChestTween":false,"Stats-Defense":false,"TradeBones":false,"HopFruits":false,"LegendSword":false,"KitsuneIsland":false,"Raid":false,"S-BringMobs":true,"DracoV2V3":false,"HopHellfire":false,"R-BuyChip":false,"M-Health":25,"S-SeaLevel":"6","Citizen":false,"Fruits":true,"TyrantSkies":false,"Stats-Gun":false,"F-AutoStore":true,"S-BoatSpeed":250,"HopRareItem":false,"SoulReaper":false,"Bones":false,"HopFactory":false,"S-Distance":15,"ServerHopping":false,"Tushita":false,"GotoVolcano":false,"B-Quest":true,"S-Fish":{"Shark":true,"Terrorshark":true,"Fish Crew Member":true,"Sea Beast":false,"Piranha":true},"AllBosses":false,"FullyVolcano":false,"S-TweenSpeed":300,"BossSelected":false,"Mastery":false,"MirageFruitDealer":false,"RaceV2":false,"UIScale":"Medium","S-AutoShoot":false,"Material":false,"S-AutoClick":true,"Sea":false,"F-RandomFruit":false,"Esp-MyBoat":false,"DonSwan":false,"EliteHunter":false,"Yama":false,"Stats-Melee":false,"RainbowHaki":false,"P-Stats":3,"TeleportMirage":false,"ThirdSea":false,"S-QuestDenounce":false,"HopBerryBush":false,"Leviathan":false,"S-Enemies":{"Sea Beast":true,"PirateBrigade":false},"FarmTool":"Sword","Level":false,"Esp-Chests":false,"Esp-Island":false,"HopPirateRaid":false,"Esp-Flower":false,"A-Amount":20,"HopEliteHunter":false,"A-Stats":false,"Stats-Demon Fruit":false,"B-Selected":"nil","S-Boat":{"PirateBrigade":false,"PirateGrandBrigade":false,"FishBoat":false,"GhostShip":false},"CursedDualKatana":false,"R-RaidChip":"","MirageChests":false,"MasterySwords":false,"Esp-Fruits":false,"CraftVolcanicMagnet":false,"Factory":false,"Esp-Berry":false,"CakePrince":false,"S-FarmMode":"Up","S-AutoBuso":true,"RaceV3":false,"Darkbeard":false,"Nearest":false,"M-Tool":"Blox Fruit","Esp-Players":false,"S-EspSize":10,"M-AntiAFK":true,"S-BringDistance":250,"BerryBush":true,"Bartilo":false,"M-WalkOnWater":true,"M-DamageCounter":false,"Ectoplasm":false,"S-RaceV4":false,"RipIndra":false,"Order":false,"S-RaceV3":false,"Stats-Sword":false,"PirateRaid":false,"M-Notifications":false,"CursedCaptain":false,"SmoothFarm":true,"DojoTrainer":false,"MirageLookMoon":false,"S-Material":"nil","IgnoreEggs":false,"HopChestTween":false,"MirageGear":false,"SharkAnchor":false,"R-Unstore":false,"Shipwright":false,"Rengoku":false,"DoughKing":false,"S-RepairBoat":false,"VolcanoReset":false,"M-Skills":{"X":true,"C":true,"Z":true,"F":false,"V":true},"A-TweenBoat":true,"IgnoreBones":false,"HopRaid":false,"S-Skills":{"X":true,"C":true,"Z":true,"F":false,"V":true},"S-RaidLaw":true,"DragonHunter":false,"B-Cousin":true}