{"MutationFilter":[],"SuperJumpSmooth":false,"AutoSellAll":false,"AutoBuyItem":false,"SmartFlyToNearestMultiplier":false,"AutoBuyBrainrot":false,"ESPReqChar":false,"SuperMode":false,"ReduceGraphics":false,"AutoCollect":false,"SpeedBoost":false,"AntiRagdollConditional":false,"RarityFilter":[],"AutoRebirth":false,"AutoPreventAFK":false,"LastServerId":"f9c219e0-6c14-4aca-9aa2-372c653a6f81","TimerESP":false,"IgnoreReqRebirth":false,"AutoAimbotTaser":false,"DeliveryTP":false,"MaxSpeed_CFrame":false,"HopFindGuaranteedMythic2Min":false,"HighValueThreshold":200000,"StartHopServer":false,"FindHighValueServer":false,"AutoFlyCorners":false,"AutoLoadScript":false,"PlayerBox":false,"LockNearDecorationBV":false,"AutoFlySpeedHigh":false,"Lockbase":false,"ShowAutoStealButtonOnScreen":false,"ESPHighestNPC_All":false,"Move_CFrame":false,"ShowFlyButtonOnScreen":false,"SmartFlyHigh":false,"AutoStealFastest":false,"ItemList":[],"DisableTrap":false,"WebhookUrl":"","ShowDeliveryButtonOnScreen":false,"CollectDelay":3,"ShowStealButtonOnScreen":false,"SuperJumpHeight":"20"}